{"cameraMode":{"drawMode":0,"name":"Shaded","section":"Shading Mode"},"sceneLighting":true,"audioPlay":false,"sceneViewState":{"showFog":true,"showMaterialUpdate":false,"showSkybox":true,"showFlares":true,"showImageEffects":true,"showParticleSystems":true},"in2DMode":false,"pivot":{"x":10.46546459197998,"y":5.241876602172852,"z":-5.548559665679932},"rotation":{"x":-0.08428523689508438,"y":0.48129063844680788,"z":-0.04630819708108902,"w":-0.8713494539260864},"size":5.296778678894043,"orthographic":false}