{"cameraMode":{"drawMode":0,"name":"Shaded","section":"Shading Mode"},"sceneLighting":true,"audioPlay":false,"sceneViewState":{"showFog":true,"showMaterialUpdate":false,"showSkybox":true,"showFlares":true,"showImageEffects":true,"showParticleSystems":true},"in2DMode":false,"pivot":{"x":4.8110880851745609,"y":1.0991344451904297,"z":1.3869085311889649},"rotation":{"x":-0.004010273143649101,"y":-0.9868972897529602,"z":0.16010059416294099,"w":-0.02768201194703579},"size":22.131732940673829,"orthographic":false}